{"phones": ["a", "b", "bʲ", "bʲː", "bː", "c", "cː", "dzʲː", "dʐː", "dʲ", "dʲː", "d̪", "d̪z̪", "d̪z̪ː", "d̪ː", "e", "f", "fʲ", "fʲː", "fː", "i", "j", "jː", "k", "kː", "m", "mʲ", "mʲː", "mː", "n̪", "n̪ː", "o", "p", "pʲ", "pʲː", "pː", "r", "rʲ", "rʲː", "rː", "sʲ", "sʲː", "s̪", "s̪ː", "tsʲ", "tɕ", "tɕː", "tʂ", "tʂː", "tʲ", "tʲː", "t̪", "t̪s̪", "t̪s̪ː", "t̪ː", "u", "v", "vʲ", "vʲː", "vː", "x", "xː", "zʲ", "zʲː", "z̪", "z̪ː", "æ", "ç", "ɐ", "ɕ", "ɕː", "ə", "ɛ", "ɟ", "ɟː", "ɡ", "ɡː", "ɣ", "ɨ", "ɪ", "ɫ", "ɫː", "ɲ", "ɲː", "ɵ", "ʂ", "ʂː", "ʉ", "ʊ", "ʎ", "ʎː", "ʐ", "ʐː", "ʑː"], "phone_mapping": {"<eps>": 0, "sil": 1, "spn": 2, "a": 3, "b": 4, "bʲ": 5, "bʲː": 6, "bː": 7, "c": 8, "cː": 9, "dzʲː": 10, "dʐː": 11, "dʲ": 12, "dʲː": 13, "d̪": 14, "d̪z̪": 15, "d̪z̪ː": 16, "d̪ː": 17, "e": 18, "f": 19, "fʲ": 20, "fʲː": 21, "fː": 22, "i": 23, "j": 24, "jː": 25, "k": 26, "kː": 27, "m": 28, "mʲ": 29, "mʲː": 30, "mː": 31, "n̪": 32, "n̪ː": 33, "o": 34, "p": 35, "pʲ": 36, "pʲː": 37, "pː": 38, "r": 39, "rʲ": 40, "rʲː": 41, "rː": 42, "sʲ": 43, "sʲː": 44, "s̪": 45, "s̪ː": 46, "tsʲ": 47, "tɕ": 48, "tɕː": 49, "tʂ": 50, "tʂː": 51, "tʲ": 52, "tʲː": 53, "t̪": 54, "t̪s̪": 55, "t̪s̪ː": 56, "t̪ː": 57, "u": 58, "v": 59, "vʲ": 60, "vʲː": 61, "vː": 62, "x": 63, "xː": 64, "zʲ": 65, "zʲː": 66, "z̪": 67, "z̪ː": 68, "æ": 69, "ç": 70, "ɐ": 71, "ɕ": 72, "ɕː": 73, "ə": 74, "ɛ": 75, "ɟ": 76, "ɟː": 77, "ɡ": 78, "ɡː": 79, "ɣ": 80, "ɨ": 81, "ɪ": 82, "ɫ": 83, "ɫː": 84, "ɲ": 85, "ɲː": 86, "ɵ": 87, "ʂ": 88, "ʂː": 89, "ʉ": 90, "ʊ": 91, "ʎ": 92, "ʎː": 93, "ʐ": 94, "ʐː": 95, "ʑː": 96}, "phone_groups": {}, "version": "3.0.5", "architecture": "gmm-hmm", "train_date": "2024-04-21 00:14:56.900611", "training": {"audio_duration": 47816.27579166667, "num_speakers": 1, "num_utterances": 12211, "num_oovs": 0, "average_log_likelihood": -0.11359493092954452}, "dictionaries": {"names": ["lez_output_new_ru"], "default": "lez_output_new_ru", "silence_word": "<eps>", "use_g2p": false, "oov_word": "<unk>", "bracketed_word": "[bracketed]", "laughter_word": "[laughter]", "clitic_marker": null, "position_dependent_phones": false}, "language": "unknown", "features": {"type": "mfcc", "use_energy": true, "frame_shift": 10, "frame_length": 25, "snip_edges": false, "low_frequency": 20, "high_frequency": 7800, "sample_frequency": 16000, "dither": 0.0001, "energy_floor": 1.0, "num_coefficients": 13, "num_mel_bins": 23, "cepstral_lifter": 22, "preemphasis_coefficient": 0.97, "uses_cmvn": true, "uses_deltas": true, "uses_voiced": false, "uses_splices": false, "uses_speaker_adaptation": false, "use_pitch": false, "use_voicing": false, "min_f0": 50, "max_f0": 800, "delta_pitch": 0.005, "penalty_factor": 0.1, "silence_weight": 0.0, "splice_left_context": 3, "splice_right_context": 3}, "oov_phone": "spn", "optional_silence_phone": "sil", "phone_set_type": "UNKNOWN", "silence_probability": 0.28, "initial_silence_probability": 0.28, "final_silence_correction": 1.74, "final_non_silence_correction": 0.1}